-inf#<#c1#<=#0.0,0.0#<#c1#<=#inf,-inf#<#c3#<=#0.08696,0.08696#<#c3#<=#0.51207,0.51207#<#c3#<=#0.66161,0.66161#<#c3#<=#0.72727,0.72727#<#c3#<=#inf,-inf#<#c4#<=#-0.16316,-0.16316#<#c4#<=#-0.14754,-0.14754#<#c4#<=#inf,-inf#<#c5#<=#0.0409,0.0409#<#c5#<=#inf,-inf#<#c6#<=#0.2228,0.2228#<#c6#<=#inf,-inf#<#c7#<=#0.71216,0.71216#<#c7#<=#0.85122,0.85122#<#c7#<=#inf,-inf#<#c8#<=#-1.0,-1.0#<#c8#<=#-0.67273,-0.67273#<#c8#<=#inf,-inf#<#c9#<=#0.35821,0.35821#<#c9#<=#inf,-inf#<#c10#<=#-1.0,-1.0#<#c10#<=#inf,-inf#<#c16#<=#0.72526,0.72526#<#c16#<=#inf,-inf#<#c20#<=#-0.42862,-0.42862#<#c20#<=#inf,-inf#<#c24#<=#0.22625,0.22625#<#c24#<=#inf,-inf#<#c27#<=#0.99989,0.99989#<#c27#<=#inf,-inf#<#c30#<=#-0.31373,-0.31373#<#c30#<=#inf,label#==#g
0,1,0,0,0,0,1,0,0,1,0,1,1,0,0,1,0,0,0,1,0,1,0,1,1,0,0,1,1,0,1,0,1,0,1
0,1,0,0,0,0,1,1,0,0,0,1,1,0,1,0,0,0,1,0,0,1,0,1,1,0,1,0,1,0,1,0,0,1,0
0,1,0,0,0,0,1,0,0,1,0,1,1,0,0,0,1,0,0,1,0,1,0,1,1,0,0,1,1,0,1,0,0,1,1
0,1,0,0,0,0,1,1,0,0,0,1,0,1,1,0,0,1,0,0,1,0,0,1,1,0,1,0,1,0,1,0,0,1,0
0,1,0,0,0,0,1,0,0,1,0,1,1,0,0,0,1,0,0,1,0,1,0,1,1,0,0,1,1,0,1,0,1,0,1
0,1,1,0,0,0,0,0,0,1,1,0,1,0,1,0,0,0,0,1,1,0,0,1,1,0,0,1,1,0,1,0,0,1,0
0,1,0,0,0,0,1,0,0,1,0,1,1,0,0,0,1,0,0,1,0,1,0,1,1,0,1,0,1,0,1,0,1,0,1
1,0,1,0,0,0,0,0,0,1,1,0,1,0,0,0,1,1,0,0,1,0,0,1,1,0,1,0,1,0,0,1,0,1,0
0,1,0,0,0,0,1,0,0,1,0,1,1,0,0,0,1,0,0,1,0,1,0,1,1,0,1,0,1,0,1,0,1,0,1
0,1,1,0,0,0,0,0,0,1,1,0,1,0,1,0,0,0,0,1,1,0,0,1,1,0,0,1,1,0,1,0,0,1,0
0,1,0,0,0,0,1,0,0,1,0,1,1,0,0,0,1,0,0,1,0,1,0,1,1,0,1,0,1,0,1,0,1,0,1
0,1,0,0,0,0,1,1,0,0,0,1,1,0,0,0,1,1,0,0,0,1,0,1,1,0,1,0,0,1,0,1,1,0,0
0,1,0,0,0,0,1,1,0,0,0,1,1,0,0,0,1,0,0,1,0,1,0,1,1,0,1,0,1,0,1,0,1,0,1
0,1,0,0,0,0,1,1,0,0,0,1,1,0,0,0,1,0,0,1,0,1,0,1,1,0,1,0,0,1,0,1,1,0,0
0,1,0,0,0,0,1,0,0,1,0,1,1,0,0,0,1,0,0,1,0,1,0,1,1,0,0,1,0,1,0,1,0,1,1
0,1,0,1,0,0,0,1,0,0,0,1,0,1,1,0,0,1,0,0,0,1,1,0,1,0,1,0,1,0,1,0,0,1,0
0,1,0,0,0,0,1,0,0,1,0,1,1,0,0,0,1,0,0,1,0,1,0,1,1,0,0,1,1,0,1,0,0,1,1
1,0,1,0,0,0,0,0,0,1,1,0,1,0,0,0,1,0,0,1,1,0,0,1,0,1,0,1,0,1,0,1,0,1,0
0,1,0,0,0,1,0,0,0,1,0,1,1,0,1,0,0,0,0,1,1,0,0,1,1,0,0,1,1,0,1,0,0,1,1
1,0,0,0,0,0,1,1,0,0,1,0,1,0,1,0,0,0,0,1,0,1,0,1,1,0,0,1,0,1,0,1,1,0,0
0,1,0,0,0,0,1,0,0,1,0,1,1,0,0,0,1,0,0,1,0,1,0,1,1,0,0,1,1,0,1,0,1,0,1
1,0,0,0,0,0,1,0,0,1,1,0,1,0,1,0,0,0,0,1,1,0,1,0,1,0,0,1,1,0,0,1,0,1,0
0,1,0,0,0,0,1,0,0,1,0,1,1,0,0,0,1,0,0,1,0,1,0,1,1,0,0,1,1,0,1,0,0,1,1
1,0,1,0,0,0,0,0,0,1,1,0,1,0,1,0,0,0,0,1,1,0,0,1,1,0,0,1,1,0,0,1,0,1,0
0,1,0,0,0,0,1,0,0,1,0,1,1,0,0,0,1,0,0,1,0,1,0,1,1,0,0,1,1,0,1,0,1,0,1
0,1,0,0,0,0,1,0,0,1,0,1,1,0,0,0,1,1,0,0,0,1,1,0,1,0,1,0,1,0,0,1,1,0,0
0,1,0,0,0,0,1,0,0,1,0,1,1,0,0,0,1,0,1,0,0,1,0,1,1,0,1,0,1,0,1,0,1,0,1
1,0,1,0,0,0,0,1,0,0,1,0,1,0,1,0,0,0,0,1,0,1,0,1,1,0,1,0,1,0,1,0,1,0,0
0,1,0,0,0,0,1,0,0,1,0,1,1,0,0,0,1,0,0,1,0,1,0,1,1,0,0,1,0,1,1,0,0,1,1
1,0,1,0,0,0,0,1,0,0,0,1,0,1,0,0,1,1,0,0,1,0,0,1,1,0,1,0,1,0,0,1,1,0,0
0,1,0,0,0,0,1,0,0,1,0,1,1,0,0,0,1,0,0,1,0,1,0,1,1,0,1,0,1,0,1,0,1,0,1
0,1,0,0,0,0,1,1,0,0,0,1,0,1,0,0,1,1,0,0,0,1,1,0,1,0,1,0,1,0,0,1,1,0,0
0,1,0,0,0,0,1,0,0,1,0,1,1,0,0,0,1,0,0,1,0,1,0,1,1,0,1,0,1,0,1,0,1,0,1
0,1,0,0,0,1,0,0,0,1,0,1,1,0,0,0,1,0,0,1,0,1,0,1,1,0,0,1,1,0,1,0,0,1,0
0,1,0,0,0,0,1,0,1,0,0,1,0,1,0,1,0,0,0,1,0,1,0,1,1,0,0,1,1,0,0,1,0,1,1
0,1,0,0,1,0,0,1,0,0,0,1,0,1,0,0,1,0,1,0,0,1,0,1,0,1,0,1,1,0,0,1,1,0,0
0,1,0,0,0,0,1,0,0,1,0,1,1,0,0,0,1,0,0,1,0,1,0,1,1,0,0,1,1,0,1,0,0,1,1
1,0,0,0,0,0,1,0,0,1,0,1,1,0,1,0,0,0,0,1,1,0,0,1,1,0,0,1,0,1,0,1,0,1,0
0,1,0,0,0,0,1,0,0,1,0,1,1,0,0,0,1,0,0,1,0,1,0,1,1,0,0,1,1,0,1,0,0,1,1
0,1,0,0,0,0,1,0,0,1,0,1,1,0,0,0,1,0,0,1,0,1,1,0,1,0,0,1,1,0,1,0,0,1,0
0,1,0,0,0,0,1,0,0,1,0,1,1,0,0,0,1,0,0,1,0,1,0,1,1,0,0,1,0,1,1,0,0,1,1
0,1,1,0,0,0,0,1,0,0,0,1,0,1,0,0,1,0,0,1,1,0,0,1,1,0,1,0,0,1,0,1,1,0,0
0,1,0,0,0,0,1,0,0,1,0,1,1,0,0,0,1,0,0,1,0,1,0,1,1,0,0,1,0,1,1,0,0,1,1
0,1,1,0,0,0,0,1,0,0,0,1,0,1,0,0,1,1,0,0,0,1,0,1,1,0,1,0,0,1,0,1,1,0,0
0,1,0,0,0,0,1,0,0,1,0,1,1,0,0,0,1,0,0,1,0,1,0,1,1,0,1,0,1,0,1,0,1,0,1
1,0,1,0,0,0,0,0,0,1,1,0,1,0,1,0,0,0,0,1,0,1,0,1,1,0,1,0,1,0,1,0,0,1,0
0,1,0,0,0,0,1,0,0,1,0,1,1,0,0,0,1,0,0,1,0,1,0,1,1,0,0,1,1,0,1,0,1,0,1
0,1,0,0,0,0,1,0,0,1,1,0,0,1,1,0,0,0,0,1,0,1,0,1,1,0,1,0,0,1,1,0,1,0,0
0,1,0,0,0,0,1,0,0,1,0,1,1,0,0,0,1,0,0,1,0,1,0,1,1,0,0,1,1,0,1,0,0,1,1
0,1,1,0,0,0,0,0,0,1,0,1,0,1,1,0,0,0,0,1,1,0,1,0,1,0,0,1,0,1,0,1,0,1,0
0,1,0,0,0,0,1,1,0,0,0,1,1,0,0,0,1,0,0,1,0,1,0,1,1,0,0,1,1,0,1,0,1,0,1
1,0,0,0,0,0,1,0,0,1,0,1,1,0,1,0,0,0,0,1,1,0,0,1,1,0,0,1,1,0,0,1,1,0,0
0,1,0,0,0,0,1,0,0,1,0,1,0,1,0,0,1,0,0,1,1,0,0,1,1,0,0,1,1,0,0,1,1,0,1
0,1,1,0,0,0,0,1,0,0,1,0,0,1,0,0,1,0,0,1,1,0,1,0,1,0,0,1,1,0,0,1,1,0,0
0,1,0,0,0,0,1,0,0,1,0,1,1,0,0,0,1,0,0,1,0,1,0,1,1,0,0,1,1,0,1,0,0,1,1
0,1,1,0,0,0,0,1,0,0,1,0,0,1,1,0,0,0,0,1,0,1,0,1,0,1,0,1,1,0,0,1,1,0,0
0,1,0,0,0,0,1,0,0,1,0,1,1,0,0,0,1,0,0,1,0,1,0,1,1,0,0,1,1,0,1,0,0,1,1
1,0,1,0,0,0,0,0,0,1,0,1,1,0,1,0,0,0,0,1,1,0,0,1,0,1,1,0,0,1,0,1,0,1,0
0,1,0,0,0,0,1,0,0,1,0,1,1,0,0,0,1,0,0,1,0,1,0,1,1,0,0,1,1,0,1,0,0,1,1
0,1,0,1,0,0,0,1,0,0,1,0,0,1,1,0,0,0,0,1,1,0,0,1,1,0,0,1,1,0,0,1,0,1,0
0,1,0,0,0,0,1,0,0,1,0,1,1,0,0,0,1,0,0,1,0,1,0,1,1,0,0,1,0,1,1,0,0,1,1
0,1,1,0,0,0,0,1,0,0,1,0,1,0,1,0,0,0,0,1,1,0,0,1,1,0,0,1,1,0,0,1,0,1,0
0,1,0,0,0,0,1,0,0,1,0,1,1,0,0,0,1,0,0,1,0,1,0,1,1,0,0,1,0,1,1,0,0,1,1
0,1,0,0,1,0,0,0,0,1,0,1,1,0,0,0,1,0,0,1,0,1,0,1,1,0,0,1,0,1,0,1,0,1,0
0,1,0,0,0,0,1,1,0,0,0,1,0,1,0,0,1,0,0,1,0,1,0,1,1,0,0,1,1,0,1,0,0,1,1
0,1,0,0,0,0,1,0,0,1,0,1,0,1,0,0,1,1,0,0,0,1,0,1,1,0,1,0,0,1,0,1,0,1,0
0,1,0,0,0,0,1,0,0,1,0,1,1,0,0,0,1,0,0,1,0,1,0,1,1,0,0,1,0,1,1,0,0,1,1
1,0,0,0,0,0,1,1,0,0,0,1,1,0,0,0,1,1,0,0,0,1,1,0,1,0,0,1,1,0,0,1,0,1,0
0,1,0,0,0,0,1,0,0,1,0,1,0,1,1,0,0,0,0,1,1,0,0,1,1,0,0,1,1,0,1,0,1,0,1
0,1,0,0,0,0,1,0,0,1,0,1,1,0,0,0,1,1,0,0,0,1,0,1,1,0,0,1,0,1,0,1,0,1,0
0,1,0,0,0,0,1,0,0,1,0,1,1,0,0,0,1,0,0,1,0,1,0,1,1,0,0,1,0,1,1,0,0,1,1
1,0,0,0,0,0,1,1,0,0,0,1,0,1,1,0,0,1,0,0,0,1,1,0,0,1,1,0,1,0,0,1,1,0,0
0,1,0,0,0,0,1,0,0,1,0,1,1,0,0,0,1,0,0,1,0,1,0,1,1,0,0,1,0,1,1,0,0,1,1
0,1,0,0,0,1,0,0,0,1,1,0,1,0,1,0,0,0,0,1,1,0,0,1,1,0,0,1,1,0,1,0,0,1,0
0,1,0,0,0,0,1,0,0,1,0,1,1,0,0,0,1,0,0,1,0,1,0,1,1,0,0,1,0,1,1,0,0,1,1
1,0,0,0,0,0,1,0,0,1,1,0,1,0,0,0,1,1,0,0,0,1,1,0,1,0,0,1,1,0,0,1,0,1,0
0,1,0,0,0,0,1,0,0,1,0,1,1,0,0,0,1,0,0,1,0,1,0,1,1,0,0,1,0,1,1,0,0,1,1
1,0,0,0,0,0,1,0,0,1,0,1,1,0,0,0,1,0,0,1,0,1,0,1,0,1,0,1,0,1,0,1,0,1,0
0,1,0,0,0,0,1,0,0,1,0,1,0,1,0,0,1,0,0,1,0,1,0,1,0,1,0,1,0,1,1,0,0,1,1
1,0,0,0,0,0,1,0,0,1,0,1,1,0,0,0,1,0,0,1,1,0,0,1,1,0,0,1,0,1,0,1,0,1,0
0,1,0,0,0,0,1,0,0,1,0,1,0,1,0,0,1,0,0,1,0,1,0,1,1,0,1,0,1,0,0,1,1,0,1
1,0,0,0,0,0,1,1,0,0,0,1,0,1,0,0,1,0,0,1,0,1,0,1,1,0,1,0,0,1,0,1,1,0,0
0,1,0,0,0,0,1,0,0,1,0,1,1,0,0,0,1,0,0,1,0,1,0,1,1,0,0,1,0,1,1,0,0,1,1
0,1,0,0,0,1,0,1,0,0,0,1,1,0,1,0,0,0,0,1,1,0,0,1,1,0,0,1,0,1,1,0,0,1,0
0,1,0,0,0,0,1,0,0,1,0,1,1,0,0,1,0,0,0,1,0,1,0,1,1,0,0,1,1,0,1,0,0,1,1
0,1,0,1,0,0,0,0,0,1,0,1,1,0,0,0,1,0,0,1,1,0,0,1,1,0,0,1,0,1,1,0,0,1,0
0,1,0,0,0,1,0,0,0,1,0,1,1,0,0,1,0,0,0,1,0,1,0,1,1,0,0,1,1,0,1,0,0,1,1
0,1,0,0,0,1,0,0,0,1,0,1,1,0,0,0,1,0,0,1,0,1,0,1,0,1,0,1,1,0,1,0,0,1,0
0,1,0,0,1,0,0,0,0,1,0,1,1,0,1,0,0,0,0,1,0,1,0,1,1,0,0,1,1,0,1,0,0,1,1
0,1,0,1,0,0,0,0,0,1,0,1,1,0,1,0,0,0,0,1,1,0,0,1,1,0,0,1,0,1,1,0,1,0,0
0,1,0,0,0,0,1,1,0,0,0,1,0,1,0,1,0,0,0,1,0,1,0,1,1,0,0,1,0,1,1,0,0,1,1
0,1,0,0,0,0,1,0,0,1,1,0,1,0,1,0,0,0,0,1,0,1,0,1,1,0,0,1,0,1,1,0,0,1,0
0,1,0,0,0,1,0,1,0,0,0,1,1,0,1,0,0,0,0,1,0,1,0,1,1,0,0,1,1,0,1,0,0,1,1
0,1,1,0,0,0,0,0,0,1,1,0,0,1,1,0,0,0,0,1,1,0,0,1,1,0,0,1,1,0,1,0,0,1,0
0,1,0,1,0,0,0,0,0,1,0,1,1,0,1,0,0,0,0,1,0,1,0,1,1,0,0,1,1,0,1,0,0,1,1
0,1,0,0,0,0,1,0,0,1,1,0,1,0,1,0,0,0,0,1,0,1,0,1,1,0,0,1,0,1,1,0,0,1,0
0,1,0,0,0,0,1,0,0,1,0,1,0,1,0,1,0,0,0,1,0,1,0,1,0,1,0,1,0,1,1,0,0,1,1
0,1,0,0,0,0,1,0,0,1,0,1,0,1,0,1,0,0,0,1,0,1,0,1,0,1,0,1,0,1,1,0,0,1,1
0,1,1,0,0,0,0,1,0,0,1,0,1,0,1,0,0,0,1,0,0,1,0,1,1,0,1,0,1,0,1,0,1,0,0
0,1,0,0,0,0,1,0,0,1,0,1,1,0,0,1,0,0,0,1,0,1,0,1,1,0,0,1,1,0,1,0,0,1,1
0,1,0,0,0,0,1,1,0,0,1,0,1,0,0,1,0,0,1,0,0,1,0,1,1,0,1,0,1,0,1,0,1,0,0
0,1,0,0,0,0,1,0,0,1,0,1,1,0,0,0,1,0,0,1,0,1,0,1,1,0,0,1,1,0,1,0,0,1,1
1,0,1,0,0,0,0,0,0,1,1,0,1,0,1,0,0,0,0,1,1,0,0,1,1,0,0,1,1,0,0,1,0,1,0
0,1,0,0,0,0,1,0,0,1,0,1,1,0,0,0,1,0,0,1,0,1,0,1,1,0,0,1,1,0,1,0,0,1,1
0,1,0,1,0,0,0,1,0,0,1,0,1,0,1,0,0,1,0,0,1,0,0,1,1,0,1,0,1,0,0,1,1,0,0
0,1,0,0,0,0,1,1,0,0,0,1,1,0,0,0,1,0,1,0,0,1,0,1,1,0,0,1,1,0,0,1,1,0,1
0,1,1,0,0,0,0,0,0,1,1,0,1,0,1,0,0,0,0,1,1,0,0,1,1,0,1,0,1,0,0,1,0,1,0
0,1,0,0,0,0,1,0,0,1,0,1,1,0,0,0,1,0,0,1,0,1,0,1,1,0,0,1,1,0,1,0,0,1,1
0,1,0,1,0,0,0,0,0,1,1,0,1,0,1,0,0,0,0,1,0,1,0,1,1,0,1,0,1,0,0,1,0,1,0
0,1,0,0,0,0,1,1,0,0,0,1,1,0,0,0,1,0,1,0,0,1,0,1,1,0,1,0,1,0,1,0,1,0,1
0,1,0,0,1,0,0,1,0,0,1,0,1,0,1,0,0,0,0,1,0,1,0,1,1,0,1,0,1,0,0,1,1,0,0
0,1,0,0,0,0,1,0,0,1,0,1,0,1,1,0,0,0,0,1,0,1,0,1,0,1,0,1,0,1,1,0,0,1,1
0,1,0,1,0,0,0,1,0,0,1,0,1,0,0,0,1,1,0,0,0,1,0,1,1,0,1,0,1,0,0,1,0,1,0
0,1,0,0,0,0,1,0,0,1,0,1,0,1,0,1,0,0,0,1,0,1,0,1,0,1,0,1,0,1,1,0,0,1,1
0,1,0,0,0,0,1,0,0,1,1,0,0,1,1,0,0,0,0,1,1,0,0,1,1,0,0,1,1,0,1,0,0,1,0
0,1,0,1,0,0,0,0,0,1,0,1,1,0,1,0,0,0,0,1,1,0,0,1,1,0,0,1,1,0,1,0,0,1,1
0,1,0,0,0,0,1,0,1,0,0,1,1,0,1,0,0,0,0,1,0,1,0,1,1,0,0,1,1,0,1,0,0,1,0
0,1,0,0,0,0,1,0,0,1,0,1,1,0,0,0,1,0,0,1,0,1,0,1,1,0,0,1,1,0,1,0,0,1,1
0,1,0,1,0,0,0,0,0,1,1,0,1,0,1,0,0,0,1,0,0,1,0,1,1,0,0,1,1,0,1,0,0,1,0
0,1,0,0,0,0,1,0,0,1,0,1,1,0,0,0,1,0,0,1,0,1,0,1,1,0,0,1,1,0,0,1,0,1,1
0,1,0,1,0,0,0,0,0,1,0,1,1,0,1,0,0,0,1,0,1,0,0,1,1,0,0,1,1,0,1,0,0,1,0
0,1,0,0,0,0,1,1,0,0,0,1,0,1,1,0,0,0,0,1,0,1,0,1,1,0,0,1,1,0,1,0,1,0,1
0,1,0,0,0,0,1,0,0,1,1,0,1,0,1,0,0,0,0,1,0,1,0,1,1,0,0,1,1,0,1,0,0,1,0
0,1,0,1,0,0,0,0,0,1,0,1,1,0,1,0,0,0,0,1,1,0,0,1,1,0,0,1,1,0,1,0,0,1,1
0,1,0,0,0,0,1,0,0,1,1,0,1,0,1,0,0,0,0,1,1,0,0,1,1,0,0,1,1,0,0,1,0,1,0
0,1,0,0,0,0,1,0,0,1,0,1,1,0,0,0,1,0,0,1,0,1,0,1,1,0,0,1,0,1,1,0,0,1,1
0,1,0,0,1,0,0,0,0,1,0,1,0,1,0,1,0,0,0,1,0,1,0,1,0,1,0,1,1,0,0,1,0,1,0
0,1,0,0,0,0,1,0,0,1,0,1,1,0,0,0,1,0,0,1,0,1,0,1,1,0,0,1,1,0,1,0,0,1,1
0,1,1,0,0,0,0,0,0,1,1,0,0,1,1,0,0,0,0,1,0,1,1,0,1,0,0,1,1,0,0,1,0,1,0
0,1,0,0,0,0,1,0,0,1,0,1,1,0,0,0,1,0,0,1,0,1,0,1,1,0,0,1,1,0,1,0,0,1,1
0,1,1,0,0,0,0,0,0,1,0,1,1,0,1,0,0,0,0,1,1,0,0,1,1,0,0,1,1,0,0,1,0,1,0
0,1,0,0,1,0,0,0,0,1,0,1,1,0,1,0,0,0,0,1,1,0,0,1,1,0,0,1,1,0,1,0,0,1,1
0,1,0,0,0,0,1,0,0,1,0,1,1,0,1,0,0,0,0,1,1,0,0,1,0,1,0,1,1,0,0,1,0,1,0
0,1,0,1,0,0,0,0,0,1,0,1,0,1,1,0,0,0,0,1,0,1,0,1,1,0,0,1,0,1,1,0,0,1,1
0,1,1,0,0,0,0,0,0,1,0,1,1,0,1,0,0,0,0,1,1,0,0,1,1,0,0,1,0,1,0,1,0,1,0
0,1,0,0,0,0,1,0,0,1,0,1,0,1,0,1,0,0,0,1,0,1,0,1,0,1,0,1,1,0,1,0,1,0,1
0,1,1,0,0,0,0,0,0,1,0,1,1,0,1,0,0,0,1,0,1,0,0,1,1,0,1,0,1,0,1,0,0,1,0
0,1,0,1,0,0,0,0,0,1,0,1,1,0,1,0,0,0,0,1,0,1,0,1,1,0,0,1,1,0,1,0,0,1,1
0,1,1,0,0,0,0,0,0,1,1,0,1,0,1,0,0,0,0,1,1,0,0,1,1,0,0,1,1,0,1,0,0,1,0
0,1,0,0,0,0,1,1,0,0,0,1,0,1,1,0,0,0,0,1,0,1,0,1,1,0,0,1,1,0,1,0,0,1,1
0,1,0,0,0,0,1,0,0,1,1,0,1,0,1,0,0,0,0,1,0,1,0,1,1,0,0,1,0,1,1,0,0,1,0
0,1,0,0,0,0,1,0,0,1,0,1,1,0,0,0,1,0,0,1,0,1,0,1,1,0,0,1,1,0,1,0,0,1,1
0,1,0,0,0,0,1,0,0,1,0,1,1,0,1,0,0,0,0,1,0,1,0,1,1,0,1,0,1,0,0,1,0,1,0
0,1,0,1,0,0,0,0,0,1,0,1,1,0,1,0,0,0,0,1,1,0,0,1,1,0,0,1,1,0,1,0,0,1,1
0,1,0,0,1,0,0,0,0,1,0,1,1,0,1,0,0,0,0,1,0,1,0,1,1,0,0,1,1,0,1,0,1,0,0
0,1,0,1,0,0,0,0,0,1,0,1,0,1,1,0,0,0,0,1,1,0,0,1,1,0,0,1,1,0,1,0,0,1,1
0,1,1,0,0,0,0,0,0,1,0,1,1,0,1,0,0,0,0,1,0,1,0,1,1,0,0,1,1,0,1,0,0,1,0
0,1,0,0,0,0,1,0,0,1,0,1,1,0,0,0,1,0,0,1,0,1,0,1,1,0,0,1,1,0,1,0,0,1,1
0,1,0,0,0,0,1,0,0,1,0,1,1,0,0,0,1,0,0,1,0,1,0,1,0,1,0,1,1,0,0,1,0,1,0
0,1,0,0,0,0,1,0,0,1,0,1,1,0,0,0,1,0,0,1,0,1,0,1,1,0,0,1,1,0,1,0,0,1,1
0,1,1,0,0,0,0,0,0,1,0,1,1,0,1,0,0,0,0,1,1,0,0,1,1,0,0,1,0,1,1,0,0,1,0
0,1,0,0,1,0,0,0,0,1,0,1,1,0,1,0,0,0,0,1,0,1,0,1,1,0,0,1,1,0,1,0,0,1,1
0,1,1,0,0,0,0,0,0,1,0,1,1,0,1,0,0,0,0,1,1,0,0,1,1,0,0,1,1,0,1,0,0,1,0
0,1,0,0,0,0,1,0,0,1,0,1,0,1,1,0,0,0,0,1,1,0,0,1,1,0,0,1,1,0,1,0,1,0,1
0,1,1,0,0,0,0,0,0,1,1,0,1,0,1,0,0,0,0,1,1,0,0,1,1,0,0,1,1,0,1,0,0,1,0
0,1,0,0,0,1,0,0,0,1,0,1,1,0,0,1,0,0,0,1,0,1,0,1,1,0,0,1,1,0,1,0,0,1,1
0,1,1,0,0,0,0,0,0,1,1,0,1,0,1,0,0,0,0,1,1,0,0,1,1,0,0,1,1,0,1,0,0,1,0
0,1,0,1,0,0,0,0,0,1,0,1,0,1,1,0,0,0,0,1,1,0,0,1,1,0,0,1,1,0,1,0,0,1,1
0,1,1,0,0,0,0,0,0,1,0,1,1,0,1,0,0,0,0,1,1,0,0,1,1,0,0,1,1,0,1,0,0,1,0
0,1,0,0,0,0,1,0,0,1,0,1,0,1,1,0,0,0,0,1,1,0,0,1,1,0,1,0,1,0,1,0,0,1,1
0,1,1,0,0,0,0,0,0,1,1,0,1,0,1,0,0,0,0,1,1,0,0,1,1,0,0,1,1,0,1,0,0,1,0
0,1,0,0,0,0,1,0,0,1,0,1,1,0,0,1,0,0,0,1,0,1,0,1,1,0,0,1,1,0,1,0,0,1,1
0,1,0,0,0,0,1,1,0,0,0,1,0,1,1,0,0,0,0,1,0,1,1,0,0,1,0,1,1,0,0,1,0,1,0
0,1,0,0,0,0,1,0,0,1,0,1,0,1,1,0,0,0,0,1,1,0,0,1,1,0,1,0,1,0,1,0,0,1,1
0,1,0,0,0,0,1,0,0,1,0,1,0,1,1,0,0,1,0,0,0,1,0,1,1,0,0,1,0,1,0,1,0,1,0
0,1,0,0,0,0,1,0,0,1,0,1,0,1,1,0,0,0,0,1,1,0,0,1,1,0,1,0,1,0,1,0,0,1,1
0,1,1,0,0,0,0,0,0,1,1,0,1,0,1,0,0,0,0,1,1,0,0,1,1,0,0,1,0,1,0,1,0,1,0
0,1,0,1,0,0,0,0,0,1,0,1,0,1,1,0,0,0,0,1,1,0,0,1,1,0,1,0,1,0,1,0,0,1,1
1,0,1,0,0,0,0,0,0,1,1,0,1,0,1,0,0,0,0,1,1,0,0,1,1,0,0,1,1,0,0,1,0,1,0
0,1,0,0,0,0,1,0,0,1,0,1,1,0,1,0,0,0,0,1,0,1,0,1,1,0,0,1,1,0,1,0,0,1,1
1,0,1,0,0,0,0,0,0,1,0,1,0,1,1,0,0,0,0,1,0,1,1,0,1,0,1,0,1,0,0,1,0,1,0
0,1,0,0,0,0,1,0,0,1,0,1,1,0,1,0,0,0,0,1,0,1,0,1,1,0,0,1,1,0,1,0,0,1,1
1,0,1,0,0,0,0,0,0,1,1,0,1,0,1,0,0,0,0,1,1,0,0,1,1,0,0,1,0,1,0,1,1,0,0
0,1,0,0,0,0,1,0,0,1,0,1,1,0,0,0,1,0,0,1,0,1,0,1,1,0,0,1,1,0,0,1,0,1,1
0,1,0,0,1,0,0,1,0,0,1,0,1,0,1,0,0,0,0,1,1,0,0,1,1,0,0,1,1,0,1,0,0,1,0
0,1,0,0,0,0,1,0,0,1,0,1,0,1,0,0,1,0,0,1,0,1,0,1,1,0,0,1,0,1,0,1,0,1,1
0,1,1,0,0,0,0,0,0,1,1,0,1,0,0,0,1,0,0,1,1,0,0,1,1,0,0,1,1,0,1,0,1,0,0
0,1,0,0,0,0,1,0,0,1,0,1,1,0,1,0,0,0,0,1,0,1,0,1,1,0,0,1,1,0,1,0,0,1,1
0,1,0,1,0,0,0,1,0,0,1,0,1,0,1,0,0,0,0,1,1,0,0,1,1,0,0,1,1,0,1,0,0,1,0
0,1,0,0,0,0,1,0,0,1,0,1,1,0,0,0,1,0,0,1,0,1,0,1,1,0,1,0,1,0,1,0,1,0,1
0,1,0,0,0,0,1,0,0,1,1,0,0,1,1,0,0,0,1,0,1,0,0,1,1,0,0,1,1,0,0,1,0,1,0
0,1,0,0,0,0,1,0,0,1,0,1,1,0,0,1,0,0,0,1,0,1,0,1,1,0,1,0,1,0,1,0,1,0,1
1,0,1,0,0,0,0,0,0,1,0,1,1,0,1,0,0,0,0,1,1,0,0,1,1,0,0,1,0,1,0,1,0,1,0
0,1,0,0,0,0,1,1,0,0,0,1,1,0,0,0,1,0,0,1,0,1,0,1,1,0,1,0,1,0,1,0,1,0,1
0,1,1,0,0,0,0,1,0,0,1,0,0,1,0,0,1,1,0,0,0,1,0,1,0,1,0,1,1,0,1,0,1,0,0
0,1,0,0,0,0,1,0,0,1,0,1,0,1,1,0,0,0,0,1,1,0,0,1,1,0,1,0,1,0,1,0,0,1,1
0,1,0,0,0,0,1,0,0,1,1,0,1,0,0,0,1,1,0,0,1,0,1,0,1,0,0,1,1,0,0,1,0,1,0
0,1,0,0,0,0,1,0,0,1,0,1,0,1,0,1,0,0,0,1,1,0,0,1,0,1,1,0,1,0,1,0,1,0,1
1,0,1,0,0,0,0,0,0,1,1,0,1,0,1,0,0,0,0,1,1,0,0,1,0,1,1,0,1,0,0,1,1,0,0
0,1,0,0,0,0,1,0,0,1,0,1,1,0,0,0,1,0,0,1,0,1,0,1,1,0,0,1,0,1,0,1,0,1,1
1,0,1,0,0,0,0,1,0,0,1,0,1,0,1,0,0,0,0,1,1,0,0,1,1,0,1,0,0,1,0,1,0,1,0
0,1,0,0,1,0,0,0,0,1,0,1,1,0,1,0,0,0,0,1,1,0,0,1,1,0,0,1,1,0,1,0,0,1,1
0,1,1,0,0,0,0,0,0,1,1,0,1,0,1,0,0,0,0,1,1,0,0,1,1,0,0,1,0,1,1,0,1,0,0
0,1,0,0,0,0,1,0,0,1,0,1,1,0,0,0,1,0,0,1,0,1,0,1,1,0,0,1,0,1,1,0,0,1,1
0,1,0,0,0,0,1,0,0,1,1,0,1,0,1,0,0,1,0,0,0,1,0,1,0,1,0,1,1,0,0,1,0,1,0
0,1,0,0,0,0,1,0,0,1,0,1,0,1,0,0,1,0,0,1,0,1,0,1,1,0,0,1,1,0,1,0,0,1,1
0,1,0,0,0,0,1,1,0,0,0,1,0,1,0,0,1,0,0,1,0,1,0,1,0,1,0,1,1,0,0,1,1,0,0
0,1,0,0,0,0,1,0,0,1,0,1,1,0,0,0,1,0,0,1,0,1,0,1,1,0,0,1,1,0,1,0,0,1,1
0,1,0,1,0,0,0,1,0,0,1,0,1,0,1,0,0,0,0,1,0,1,0,1,0,1,0,1,1,0,1,0,0,1,0
0,1,0,0,0,0,1,0,0,1,0,1,1,0,0,0,1,0,0,1,0,1,0,1,1,0,0,1,0,1,0,1,0,1,1
1,0,1,0,0,0,0,0,0,1,1,0,1,0,1,0,0,0,0,1,1,0,0,1,0,1,0,1,1,0,0,1,0,1,0
0,1,0,0,0,0,1,1,0,0,0,1,1,0,0,0,1,0,0,1,0,1,0,1,1,0,1,0,1,0,1,0,1,0,1
0,1,1,0,0,0,0,0,0,1,1,0,1,0,1,0,0,0,0,1,1,0,1,0,1,0,1,0,1,0,1,0,1,0,0
0,1,0,0,0,0,1,0,0,1,0,1,1,0,0,1,0,0,0,1,0,1,0,1,1,0,0,1,1,0,1,0,0,1,1
1,0,1,0,0,0,0,0,0,1,1,0,0,1,0,0,1,0,0,1,1,0,1,0,1,0,1,0,1,0,1,0,0,1,0
0,1,0,0,0,0,1,0,0,1,0,1,1,0,0,1,0,0,0,1,0,1,0,1,1,0,0,1,1,0,1,0,0,1,1
0,1,1,0,0,0,0,0,0,1,1,0,1,0,1,0,0,0,0,1,1,0,0,1,1,0,0,1,1,0,1,0,1,0,0
0,1,0,1,0,0,0,0,0,1,0,1,1,0,0,1,0,0,0,1,0,1,0,1,1,0,0,1,1,0,1,0,0,1,1
0,1,1,0,0,0,0,1,0,0,1,0,1,0,1,0,0,0,0,1,1,0,0,1,1,0,0,1,1,0,1,0,0,1,0
0,1,0,0,0,0,1,0,0,1,0,1,0,1,0,1,0,0,0,1,0,1,0,1,1,0,0,1,1,0,0,1,0,1,1
1,0,1,0,0,0,0,1,0,0,0,1,1,0,1,0,0,0,0,1,1,0,0,1,1,0,0,1,1,0,0,1,0,1,0
0,1,0,1,0,0,0,0,0,1,0,1,1,0,1,0,0,0,0,1,0,1,0,1,1,0,0,1,1,0,1,0,0,1,1
0,1,1,0,0,0,0,1,0,0,1,0,1,0,1,0,0,0,0,1,1,0,0,1,1,0,0,1,1,0,0,1,0,1,0
0,1,0,0,0,0,1,0,0,1,0,1,0,1,0,0,1,0,0,1,0,1,0,1,1,0,0,1,1,0,0,1,0,1,1
1,0,0,0,0,0,1,0,0,1,0,1,1,0,0,0,1,0,0,1,0,1,0,1,0,1,1,0,0,1,0,1,0,1,0
0,1,0,0,0,0,1,0,0,1,0,1,0,1,1,0,0,0,0,1,1,0,0,1,1,0,1,0,1,0,1,0,0,1,1
1,0,0,0,0,0,1,1,0,0,0,1,0,1,0,0,1,1,0,0,0,1,0,1,1,0,0,1,1,0,0,1,0,1,0
0,1,0,0,0,0,1,0,0,1,0,1,1,0,0,0,1,0,0,1,0,1,0,1,1,0,0,1,0,1,1,0,0,1,1
1,0,0,0,0,0,1,0,0,1,0,1,1,0,0,0,1,1,0,0,0,1,0,1,1,0,0,1,0,1,0,1,0,1,0
0,1,0,0,0,0,1,0,0,1,0,1,0,1,0,0,1,0,0,1,0,1,0,1,0,1,0,1,0,1,1,0,0,1,1
1,0,0,0,0,0,1,1,0,0,1,0,0,1,1,0,0,0,0,1,0,1,0,1,1,0,1,0,1,0,0,1,1,0,0
0,1,0,0,0,0,1,0,0,1,0,1,0,1,1,0,0,0,0,1,0,1,0,1,1,0,0,1,0,1,1,0,0,1,1
1,0,0,0,0,0,1,1,0,0,0,1,0,1,0,0,1,1,0,0,0,1,0,1,1,0,0,1,1,0,0,1,0,1,0
0,1,0,0,0,0,1,0,0,1,0,1,1,0,0,0,1,0,0,1,0,1,0,1,1,0,0,1,0,1,1,0,0,1,1
1,0,1,0,0,0,0,0,0,1,0,1,0,1,1,0,0,0,0,1,0,1,0,1,1,0,0,1,1,0,0,1,0,1,0
0,1,0,0,0,0,1,0,0,1,0,1,0,1,0,1,0,0,0,1,0,1,0,1,1,0,0,1,0,1,1,0,0,1,1
1,0,1,0,0,0,0,0,0,1,0,1,0,1,0,0,1,0,0,1,1,0,0,1,1,0,0,1,0,1,0,1,0,1,0
0,1,0,0,0,0,1,0,0,1,0,1,0,1,1,0,0,0,0,1,1,0,0,1,1,0,0,1,1,0,1,0,0,1,1
1,0,0,0,0,0,1,1,0,0,0,1,0,1,0,0,1,0,0,1,0,1,0,1,0,1,1,0,1,0,0,1,1,0,0
0,1,0,0,0,0,1,1,0,0,0,1,1,0,0,1,0,0,0,1,0,1,0,1,1,0,0,1,0,1,1,0,0,1,1
1,0,1,0,0,0,0,0,0,1,1,0,1,0,1,0,0,0,0,1,1,0,0,1,1,0,0,1,1,0,0,1,0,1,0
0,1,0,0,0,0,1,0,0,1,0,1,1,0,0,0,1,0,0,1,0,1,0,1,1,0,0,1,1,0,1,0,0,1,1
1,0,0,0,0,0,1,0,0,1,1,0,1,0,1,0,0,1,0,0,1,0,0,1,1,0,0,1,0,1,0,1,0,1,0
0,1,0,1,0,0,0,1,0,0,0,1,1,0,1,0,0,0,0,1,0,1,0,1,1,0,0,1,1,0,1,0,0,1,1
0,1,0,0,0,1,0,0,0,1,0,1,1,0,0,1,0,0,0,1,0,1,0,1,1,0,0,1,0,1,1,0,0,1,0
0,1,0,0,0,0,1,0,0,1,0,1,1,0,0,0,1,0,1,0,0,1,0,1,1,0,0,1,1,0,1,0,0,1,1
0,1,0,1,0,0,0,0,0,1,0,1,1,0,1,0,0,0,0,1,1,0,0,1,1,0,0,1,0,1,1,0,0,1,0
0,1,0,0,1,0,0,0,0,1,0,1,1,0,1,0,0,0,0,1,0,1,0,1,1,0,0,1,1,0,1,0,0,1,1
0,1,1,0,0,0,0,0,1,0,1,0,1,0,1,0,0,0,0,1,1,0,0,1,1,0,0,1,1,0,1,0,0,1,0
0,1,0,0,1,0,0,0,0,1,0,1,1,0,1,0,0,0,0,1,0,1,0,1,1,0,0,1,1,0,1,0,0,1,1
0,1,0,1,0,0,0,0,0,1,1,0,1,0,1,0,0,1,0,0,1,0,0,1,1,0,0,1,0,1,1,0,0,1,0
0,1,0,0,0,0,1,0,0,1,0,1,1,0,0,0,1,0,0,1,0,1,0,1,1,0,0,1,1,0,1,0,0,1,1
0,1,0,1,0,0,0,1,0,0,1,0,1,0,1,0,0,0,0,1,0,1,0,1,1,0,0,1,1,0,1,0,1,0,0
0,1,0,0,0,0,1,0,0,1,0,1,1,0,0,0,1,0,0,1,0,1,0,1,1,0,0,1,1,0,1,0,0,1,1
0,1,1,0,0,0,0,0,0,1,0,1,1,0,0,0,1,0,0,1,1,0,0,1,1,0,0,1,1,0,0,1,0,1,0
0,1,0,0,0,0,1,0,0,1,0,1,1,0,0,1,0,0,0,1,0,1,0,1,1,0,0,1,1,0,1,0,0,1,1
0,1,1,0,0,0,0,0,0,1,1,0,1,0,1,0,0,0,0,1,1,0,0,1,1,0,0,1,1,0,0,1,0,1,0
0,1,0,1,0,0,0,0,0,1,0,1,1,0,1,0,0,0,0,1,0,1,0,1,1,0,0,1,1,0,1,0,0,1,1
1,0,1,0,0,0,0,0,0,1,1,0,1,0,1,0,0,0,0,1,1,0,0,1,1,0,0,1,1,0,0,1,0,1,0
0,1,0,0,0,0,1,0,0,1,0,1,0,1,1,0,0,0,0,1,1,0,0,1,1,0,0,1,1,0,1,0,0,1,1
0,1,1,0,0,0,0,0,0,1,1,0,1,0,0,0,1,0,0,1,1,0,1,0,1,0,0,1,1,0,0,1,0,1,0
0,1,0,0,0,0,1,0,0,1,0,1,0,1,1,0,0,0,0,1,1,0,0,1,1,0,0,1,1,0,1,0,0,1,1
0,1,1,0,0,0,0,0,0,1,1,0,1,0,1,0,0,0,0,1,1,0,0,1,1,0,1,0,1,0,0,1,0,1,0
0,1,0,0,0,0,1,0,0,1,0,1,0,1,1,0,0,0,0,1,1,0,0,1,1,0,1,0,1,0,1,0,0,1,1
0,1,0,1,0,0,0,0,0,1,0,1,1,0,1,0,0,0,0,1,1,0,0,1,1,0,1,0,1,0,1,0,0,1,1
0,1,0,0,0,0,1,0,0,1,0,1,0,1,1,0,0,0,0,1,1,0,0,1,1,0,1,0,1,0,1,0,0,1,1
0,1,0,0,1,0,0,0,0,1,0,1,1,0,1,0,0,0,0,1,0,1,0,1,1,0,0,1,1,0,1,0,0,1,1
0,1,0,0,0,0,1,0,0,1,0,1,1,0,0,1,0,0,0,1,0,1,0,1,1,0,0,1,1,0,1,0,0,1,1
0,1,0,0,1,0,0,0,0,1,0,1,1,0,0,1,0,0,0,1,0,1,0,1,1,0,0,1,1,0,1,0,0,1,1
0,1,0,0,0,1,0,0,0,1,0,1,1,0,0,1,0,0,0,1,0,1,0,1,1,0,0,1,1,0,1,0,0,1,1
0,1,0,1,0,0,0,0,0,1,0,1,1,0,1,0,0,0,0,1,0,1,0,1,1,0,0,1,1,0,1,0,0,1,1
0,1,0,0,0,0,1,0,0,1,0,1,1,0,0,1,0,0,0,1,0,1,0,1,1,0,0,1,0,1,1,0,0,1,1
0,1,0,0,0,0,1,0,0,1,0,1,0,1,0,0,1,0,0,1,0,1,0,1,0,1,0,1,0,1,1,0,0,1,1
0,1,0,0,0,0,1,0,0,1,0,1,0,1,0,1,0,0,0,1,0,1,0,1,0,1,0,1,0,1,1,0,0,1,1
0,1,0,0,0,0,1,0,0,1,0,1,0,1,0,1,0,0,0,1,0,1,0,1,0,1,0,1,0,1,1,0,0,1,1
0,1,0,0,0,0,1,0,0,1,0,1,0,1,0,1,0,0,0,1,0,1,0,1,0,1,0,1,0,1,1,0,0,1,1
0,1,0,0,0,0,1,0,0,1,0,1,0,1,1,0,0,0,0,1,1,0,0,1,1,0,0,1,1,0,1,0,0,1,1
0,1,0,0,1,0,0,1,0,0,0,1,0,1,0,1,0,0,0,1,0,1,0,1,1,0,0,1,1,0,1,0,0,1,1
0,1,0,0,0,0,1,0,0,1,0,1,1,0,0,1,0,0,0,1,0,1,0,1,1,0,0,1,1,0,1,0,0,1,1
0,1,0,0,0,0,1,0,0,1,0,1,1,0,0,1,0,0,0,1,0,1,0,1,1,0,0,1,1,0,1,0,0,1,1
0,1,0,0,0,0,1,0,0,1,0,1,1,0,0,0,1,0,0,1,0,1,0,1,1,0,0,1,1,0,1,0,0,1,1
0,1,0,1,0,0,0,0,0,1,0,1,1,0,1,0,0,0,0,1,0,1,0,1,1,0,0,1,1,0,1,0,0,1,1
0,1,0,0,1,0,0,0,0,1,0,1,1,0,1,0,0,0,0,1,0,1,0,1,1,0,0,1,1,0,1,0,0,1,1
0,1,0,1,0,0,0,0,0,1,0,1,1,0,1,0,0,0,0,1,0,1,0,1,1,0,0,1,1,0,1,0,0,1,1
0,1,0,0,0,1,0,0,0,1,0,1,1,0,1,0,0,0,0,1,0,1,0,1,1,0,0,1,1,0,1,0,0,1,1
0,1,0,0,0,1,0,0,0,1,0,1,1,0,1,0,0,0,0,1,0,1,0,1,1,0,0,1,1,0,1,0,0,1,1
0,1,0,0,1,0,0,0,0,1,0,1,1,0,1,0,0,0,0,1,0,1,0,1,1,0,0,1,1,0,1,0,0,1,1
0,1,0,1,0,0,0,0,0,1,0,1,1,0,1,0,0,0,0,1,0,1,0,1,1,0,0,1,0,1,1,0,0,1,1
0,1,0,0,0,0,1,0,0,1,0,1,0,1,0,1,0,0,0,1,0,1,0,1,1,0,0,1,0,1,1,0,0,1,1
0,1,0,0,0,0,1,0,0,1,0,1,0,1,0,1,0,0,0,1,0,1,0,1,0,1,0,1,0,1,1,0,0,1,1
0,1,0,0,0,0,1,0,0,1,0,1,0,1,0,1,0,0,0,1,0,1,0,1,0,1,0,1,0,1,1,0,0,1,1
0,1,0,0,0,0,1,0,0,1,0,1,0,1,0,1,0,0,0,1,0,1,0,1,0,1,0,1,0,1,1,0,0,1,1
0,1,0,0,0,0,1,0,0,1,0,1,0,1,1,0,0,0,0,1,1,0,0,1,0,1,0,1,1,0,1,0,1,0,1
0,1,0,0,0,0,1,0,0,1,0,1,0,1,1,0,0,0,0,1,1,0,0,1,1,0,0,1,1,0,1,0,1,0,1
0,1,0,1,0,0,0,0,0,1,0,1,1,0,1,0,0,0,0,1,1,0,0,1,1,0,0,1,1,0,1,0,0,1,1
0,1,0,0,1,0,0,1,0,0,0,1,0,1,0,1,0,0,0,1,0,1,0,1,1,0,0,1,1,0,1,0,0,1,1
0,1,0,0,0,0,1,0,0,1,0,1,1,0,1,0,0,0,0,1,1,0,0,1,1,0,0,1,1,0,1,0,0,1,1
0,1,0,0,0,0,1,0,0,1,0,1,1,0,0,0,1,0,0,1,0,1,0,1,1,0,0,1,1,0,1,0,0,1,1
0,1,0,0,0,0,1,0,0,1,0,1,1,0,0,0,1,0,0,1,0,1,0,1,1,0,0,1,1,0,1,0,0,1,1
0,1,0,0,0,0,1,0,0,1,0,1,1,0,0,1,0,0,0,1,0,1,0,1,1,0,0,1,1,0,1,0,0,1,1
0,1,0,1,0,0,0,0,0,1,0,1,1,0,1,0,0,0,0,1,0,1,0,1,1,0,0,1,1,0,1,0,0,1,1
0,1,0,0,1,0,0,0,0,1,0,1,1,0,0,1,0,0,0,1,0,1,0,1,1,0,0,1,1,0,1,0,0,1,1
0,1,0,0,0,0,1,0,0,1,0,1,1,0,0,1,0,0,0,1,0,1,0,1,1,0,0,1,1,0,1,0,0,1,1
0,1,0,0,0,0,1,0,0,1,0,1,1,0,0,1,0,0,0,1,0,1,0,1,1,0,0,1,1,0,1,0,0,1,1
0,1,0,0,0,0,1,0,0,1,0,1,1,0,0,1,0,0,0,1,0,1,0,1,1,0,0,1,1,0,1,0,0,1,1
0,1,0,1,0,0,0,0,0,1,0,1,1,0,1,0,0,0,0,1,0,1,0,1,1,0,0,1,1,0,1,0,0,1,1
0,1,0,0,0,0,1,0,0,1,0,1,0,1,1,0,0,0,0,1,0,1,0,1,0,1,0,1,1,0,1,0,1,0,1
0,1,0,0,0,0,1,0,0,1,0,1,0,1,1,0,0,0,0,1,1,0,0,1,0,1,0,1,1,0,1,0,1,0,1
0,1,0,0,0,0,1,0,0,1,0,1,0,1,1,0,0,0,0,1,1,0,0,1,1,0,0,1,1,0,1,0,1,0,1
0,1,0,0,0,0,1,0,0,1,0,1,0,1,1,0,0,0,0,1,1,0,0,1,1,0,0,1,1,0,1,0,1,0,1
0,1,0,0,0,0,1,0,0,1,0,1,0,1,1,0,0,0,0,1,1,0,0,1,1,0,0,1,1,0,1,0,1,0,1
0,1,0,0,0,0,1,0,0,1,0,1,0,1,1,0,0,0,0,1,1,0,0,1,1,0,0,1,1,0,1,0,1,0,1
0,1,0,0,0,0,1,0,0,1,0,1,1,0,0,0,1,0,0,1,0,1,0,1,1,0,0,1,1,0,1,0,0,1,1
0,1,0,0,0,0,1,0,0,1,0,1,1,0,0,0,1,0,0,1,0,1,0,1,1,0,0,1,1,0,1,0,0,1,1
0,1,0,0,0,0,1,0,0,1,0,1,1,0,0,0,1,0,0,1,0,1,0,1,1,0,0,1,1,0,1,0,0,1,1
0,1,0,0,1,0,0,0,0,1,0,1,1,0,1,0,0,0,0,1,1,0,0,1,1,0,0,1,1,0,1,0,0,1,1
0,1,0,1,0,0,0,1,0,0,0,1,1,0,1,0,0,0,0,1,0,1,0,1,1,0,0,1,1,0,1,0,0,1,1
0,1,0,1,0,0,0,0,0,1,0,1,0,1,1,0,0,0,0,1,0,1,0,1,0,1,0,1,0,1,1,0,0,1,1
0,1,0,0,0,0,1,0,0,1,0,1,0,1,1,0,0,0,0,1,1,0,0,1,0,1,0,1,1,0,1,0,0,1,1
0,1,0,0,0,0,1,0,0,1,0,1,0,1,1,0,0,0,0,1,1,0,0,1,1,0,0,1,1,0,1,0,1,0,1
0,1,0,0,0,0,1,0,0,1,0,1,0,1,1,0,0,0,0,1,1,0,0,1,1,0,0,1,1,0,1,0,1,0,1
0,1,0,0,0,0,1,0,0,1,0,1,0,1,1,0,0,0,0,1,1,0,0,1,1,0,0,1,1,0,1,0,1,0,1
0,1,0,0,0,0,1,0,0,1,0,1,1,0,0,0,1,0,0,1,0,1,0,1,1,0,0,1,1,0,0,1,0,1,1
0,1,0,0,0,0,1,0,0,1,0,1,1,0,0,0,1,0,0,1,0,1,0,1,1,0,0,1,1,0,1,0,0,1,1
0,1,0,0,0,0,1,0,0,1,0,1,0,1,1,0,0,0,0,1,1,0,0,1,1,0,0,1,1,0,1,0,1,0,1
0,1,0,0,0,0,1,0,0,1,0,1,0,1,1,0,0,0,0,1,1,0,0,1,1,0,0,1,1,0,1,0,1,0,1
0,1,0,0,0,0,1,0,0,1,0,1,0,1,1,0,0,0,0,1,1,0,0,1,1,0,1,0,1,0,1,0,1,0,1
0,1,0,0,0,0,1,1,0,0,0,1,1,0,0,0,1,0,0,1,0,1,0,1,1,0,0,1,0,1,1,0,0,1,1
0,1,0,0,0,0,1,0,0,1,0,1,1,0,0,1,0,0,0,1,0,1,0,1,1,0,0,1,1,0,1,0,0,1,1
0,1,0,0,0,0,1,0,0,1,0,1,1,0,0,0,1,0,0,1,0,1,0,1,1,0,0,1,1,0,1,0,0,1,1
0,1,0,0,0,0,1,0,0,1,0,1,1,0,0,0,1,0,0,1,0,1,0,1,1,0,0,1,1,0,1,0,0,1,1
0,1,0,0,0,0,1,0,0,1,0,1,1,0,0,0,1,0,0,1,0,1,0,1,1,0,0,1,1,0,1,0,0,1,1
0,1,0,0,0,0,1,0,0,1,0,1,1,0,0,0,1,0,0,1,0,1,0,1,1,0,0,1,1,0,1,0,0,1,1
0,1,0,1,0,0,0,1,0,0,0,1,1,0,1,0,0,0,0,1,0,1,0,1,1,0,0,1,1,0,1,0,0,1,1
0,1,0,0,0,0,1,0,0,1,0,1,0,1,1,0,0,0,0,1,1,0,0,1,1,0,0,1,1,0,1,0,1,0,1
0,1,0,0,0,0,1,0,0,1,0,1,0,1,1,0,0,0,0,1,1,0,0,1,1,0,0,1,1,0,1,0,1,0,1
0,1,0,0,0,0,1,0,0,1,0,1,0,1,1,0,0,0,0,1,1,0,0,1,1,0,1,0,1,0,1,0,0,1,1
0,1,0,0,0,0,1,0,0,1,0,1,1,0,1,0,0,0,0,1,1,0,0,1,1,0,1,0,1,0,1,0,0,1,1
0,1,0,0,0,0,1,0,0,1,0,1,0,1,1,0,0,0,0,1,1,0,0,1,1,0,1,0,1,0,1,0,0,1,1
0,1,0,0,0,0,1,0,0,1,0,1,1,0,0,0,1,0,0,1,0,1,0,1,1,0,0,1,1,0,1,0,0,1,1
0,1,0,0,0,0,1,0,0,1,0,1,1,0,0,0,1,0,0,1,0,1,0,1,1,0,0,1,1,0,1,0,0,1,1
0,1,0,0,0,0,1,0,0,1,0,1,1,0,0,0,1,0,0,1,0,1,0,1,1,0,0,1,1,0,1,0,0,1,1
0,1,0,0,0,0,1,0,0,1,0,1,1,0,0,0,1,0,0,1,0,1,0,1,1,0,0,1,1,0,1,0,0,1,1
0,1,0,0,0,0,1,0,0,1,0,1,1,0,0,0,1,0,0,1,0,1,0,1,1,0,0,1,1,0,1,0,0,1,1
0,1,0,0,0,0,1,0,0,1,0,1,1,0,0,0,1,0,0,1,0,1,0,1,1,0,0,1,1,0,1,0,0,1,1
0,1,0,0,0,0,1,0,0,1,0,1,1,0,0,0,1,0,0,1,0,1,0,1,1,0,0,1,1,0,1,0,0,1,1
0,1,0,0,0,0,1,0,0,1,0,1,0,1,1,0,0,0,0,1,1,0,0,1,1,0,0,1,1,0,1,0,1,0,1
0,1,0,0,0,0,1,0,0,1,0,1,0,1,1,0,0,0,0,1,1,0,0,1,1,0,1,0,1,0,1,0,0,1,1
0,1,0,1,0,0,0,0,0,1,0,1,0,1,1,0,0,0,0,1,1,0,0,1,1,0,1,0,1,0,1,0,0,1,1
0,1,0,0,1,0,0,0,0,1,0,1,0,1,1,0,0,0,0,1,1,0,0,1,1,0,1,0,1,0,1,0,0,1,1
0,1,0,1,0,0,0,0,0,1,0,1,0,1,1,0,0,0,0,1,1,0,0,1,1,0,0,1,1,0,1,0,0,1,1
0,1,0,0,0,0,1,0,0,1,0,1,1,0,0,0,1,0,0,1,0,1,0,1,1,0,0,1,1,0,1,0,0,1,1
0,1,0,0,0,0,1,0,0,1,0,1,1,0,0,0,1,0,0,1,0,1,0,1,1,0,0,1,1,0,1,0,0,1,1
0,1,0,1,0,0,0,0,0,1,0,1,1,0,1,0,0,0,0,1,0,1,0,1,1,0,0,1,1,0,1,0,0,1,1
0,1,0,0,0,0,1,0,0,1,0,1,1,0,0,0,1,0,0,1,0,1,0,1,1,0,0,1,1,0,1,0,0,1,1
0,1,0,0,0,1,0,0,0,1,0,1,1,0,1,0,0,0,0,1,0,1,0,1,1,0,0,1,1,0,1,0,0,1,1
0,1,0,0,0,0,1,0,0,1,0,1,1,0,0,1,0,0,0,1,0,1,0,1,1,0,0,1,1,0,1,0,0,1,1
0,1,0,0,0,0,1,0,0,1,0,1,1,0,0,0,1,0,0,1,0,1,0,1,1,0,0,1,1,0,1,0,0,1,1
0,1,0,0,0,0,1,0,0,1,0,1,1,0,0,0,1,0,0,1,0,1,0,1,1,0,0,1,1,0,1,0,0,1,1
0,1,0,0,0,0,1,0,0,1,0,1,1,0,0,0,1,0,0,1,0,1,0,1,1,0,0,1,1,0,1,0,0,1,1
0,1,0,0,0,0,1,0,0,1,0,1,1,0,0,0,1,0,0,1,0,1,0,1,1,0,0,1,1,0,1,0,0,1,1
